{
  "sample_counts": {
    "n_samples_default": 150,
    "usu_total_inferred": 950,
    "usu_refused_kept": 5,
    "sss_total_inferred": 150,
    "sss_ablated_inferred": 150,
    "suu_total_inferred": 150,
    "suu_refused_kept": 104,
    "suu_ablated_inferred": 150
  },
  "refusal_rates": {
    "usu_refusal_rate": 0.005263157894736842,
    "usu_num_refused": 5,
    "suu_baseline_refusal_rate": 0.6933333333333334,
    "suu_num_refused": 104,
    "suu_ablated_refusal_rate": 0.5533333333333333,
    "jailbreak_success": 0.14,
    "sss_ablated_refusal_rate": 0.006666666666666667
  },
  "kl_divergence": {
    "mean": 0.05414286962943152,
    "std": 0.07641085912565519,
    "min": 0.001838462078012526,
    "max": 0.5143513679504395,
    "num_samples": 150
  },
  "layer_analysis": {
    "13": {
      "refusal_vector_norm": 1.0,
      "dot_product_mean": 0.5562421358548678,
      "dot_product_std": 0.46941733607879393,
      "dot_product_min": -0.43017578125,
      "dot_product_max": 1.6435546875
    },
    "14": {
      "refusal_vector_norm": 1.0,
      "dot_product_mean": 1.47589111328125,
      "dot_product_std": 0.42685809448727846,
      "dot_product_min": 0.58251953125,
      "dot_product_max": 2.451171875
    },
    "15": {
      "refusal_vector_norm": 1.0,
      "dot_product_mean": 0.8486798359797552,
      "dot_product_std": 0.4719843257761845,
      "dot_product_min": -0.0297698974609375,
      "dot_product_max": 2.115234375
    },
    "16": {
      "refusal_vector_norm": 1.0,
      "dot_product_mean": 0.2875365477341872,
      "dot_product_std": 0.43376470884803364,
      "dot_product_min": -0.56103515625,
      "dot_product_max": 1.421875
    },
    "17": {
      "refusal_vector_norm": 1.0,
      "dot_product_mean": 0.147402103130634,
      "dot_product_std": 0.588115797082244,
      "dot_product_min": -1.1669921875,
      "dot_product_max": 1.28125
    },
    "18": {
      "refusal_vector_norm": 1.0,
      "dot_product_mean": 1.8880896935096154,
      "dot_product_std": 0.6874439312570385,
      "dot_product_min": 0.36572265625,
      "dot_product_max": 3.16796875
    },
    "19": {
      "refusal_vector_norm": 1.0,
      "dot_product_mean": 3.4267108623798075,
      "dot_product_std": 0.653196495332655,
      "dot_product_min": 1.8525390625,
      "dot_product_max": 4.73828125
    },
    "20": {
      "refusal_vector_norm": 1.0,
      "dot_product_mean": 3.761906550480769,
      "dot_product_std": 0.6765001282400277,
      "dot_product_min": 1.966796875,
      "dot_product_max": 5.29296875
    },
    "21": {
      "refusal_vector_norm": 1.0,
      "dot_product_mean": 7.521371694711538,
      "dot_product_std": 0.6710995384997945,
      "dot_product_min": 6.12109375,
      "dot_product_max": 9.2734375
    },
    "22": {
      "refusal_vector_norm": 1.0,
      "dot_product_mean": 26.501953125,
      "dot_product_std": 2.3486384191770995,
      "dot_product_min": 20.515625,
      "dot_product_max": 33.09375
    },
    "23": {
      "refusal_vector_norm": 1.0,
      "dot_product_mean": 12.696890024038462,
      "dot_product_std": 0.80959645811486,
      "dot_product_min": 10.5234375,
      "dot_product_max": 14.8125
    },
    "24": {
      "refusal_vector_norm": 1.0,
      "dot_product_mean": 15.5791015625,
      "dot_product_std": 0.9322032659783077,
      "dot_product_min": 13.0546875,
      "dot_product_max": 17.515625
    },
    "25": {
      "refusal_vector_norm": 1.0,
      "dot_product_mean": 19.2041015625,
      "dot_product_std": 1.504079382321752,
      "dot_product_min": 14.578125,
      "dot_product_max": 21.640625
    },
    "26": {
      "refusal_vector_norm": 1.0,
      "dot_product_mean": 61.31790865384615,
      "dot_product_std": 5.682266324645823,
      "dot_product_min": 46.5625,
      "dot_product_max": 70.375
    },
    "27": {
      "refusal_vector_norm": 1.0,
      "dot_product_mean": 12.692157451923077,
      "dot_product_std": 1.4219057573538518,
      "dot_product_min": 9.3203125,
      "dot_product_max": 15.6796875
    },
    "28": {
      "refusal_vector_norm": 1.0,
      "dot_product_mean": 15.360727163461538,
      "dot_product_std": 1.233365429285164,
      "dot_product_min": 11.8125,
      "dot_product_max": 17.21875
    },
    "29": {
      "refusal_vector_norm": 1.0,
      "dot_product_mean": 18.196063701923077,
      "dot_product_std": 1.391334037936883,
      "dot_product_min": 14.4140625,
      "dot_product_max": 20.9375
    },
    "30": {
      "refusal_vector_norm": 1.0,
      "dot_product_mean": 16.052509014423077,
      "dot_product_std": 1.7826548053828644,
      "dot_product_min": 12.3125,
      "dot_product_max": 21.0
    },
    "31": {
      "refusal_vector_norm": 1.0,
      "dot_product_mean": 9.980337289663462,
      "dot_product_std": 4.093877715455863,
      "dot_product_min": -6.2734375,
      "dot_product_max": 21.9375
    }
  },
  "peak_layer": {
    "layer": 26,
    "mean_dot_product": 61.31790865384615
  }
}